{"type": "block", "layer": 2, "block": 0, "features": [{"geom": {"pts": [[6.863165942767524, -14.606859344409026, 2.1418931155853675]], "rotateX": 0, "rotateY": 0, "rotateZ": 0, "scale": 0.28904241050141594}, "model": 0}], "featureCount": 1}