{"type": "block", "layer": 4, "block": 0, "features": [{"geom": {"polygons": [[[[9.340416693527665, -2.6845827821203745], [9.34029637882594, -2.7121677872500656], [1.5269310475667708, -2.6781339451454906], [1.527051389726053, -2.6505267038373983], [1.5288130694567692, -2.246385613944644], [0.9724117178359415, -2.2439603826762107], [0.9772243158652105, -1.1398288776626686], [0.9843168496039834, 0.48746446443526037], [9.3540837559131, 0.4510053909276636], [9.340416693527665, -2.6845827821203745]]]], "centroids": [[5.198133472624944, -1.1000023779018457, 1.3892420887071593]], "h": 1.4452120525070797}, "mtl": {"face": 0}, "prop": ["0", "5,00000000000", "4,77589999999", "7,92590000000"]}], "featureCount": 1}